name,description,styleUrl,ExtendedData/Data/0/value,ExtendedData/Data/0/_name,ExtendedData/Data/1/value,ExtendedData/Data/1/_name,ExtendedData/Data/2/value,ExtendedData/Data/2/_name,ExtendedData/Data/3/value,ExtendedData/Data/3/_name,Point/coordinates,label
茨城1 かつら,﻿id: 8001<br>name: かつら<br>lat: 36.5449685<br>lng: 140.3330587,#icon-1899-DB4436-labelson,8001,﻿id,かつら,name,36.5449685,lat,140.3330587,lng,140.333058736.5449685,10
茨城2 みわ,﻿id: 8002<br>name: みわ<br>lat: 36.6558574<br>lng: 140.2800036,#icon-1899-DB4436-labelson,8002,﻿id,みわ,name,36.6558574,lat,140.2800036,lng,140.280003636.6558574,10
茨城3 さとみ,﻿id: 8003<br>name: さとみ<br>lat: 36.7057462<br>lng: 140.5096817,#icon-1899-DB4436-labelson,8003,﻿id,さとみ,name,36.7057462,lat,140.5096817,lng,140.509681736.7057462,10
茨城4 さかい,﻿id: 8004<br>name: さかい<br>lat: 36.102676<br>lng: 139.795303,#icon-1899-DB4436-labelson,8004,﻿id,さかい,name,36.102676,lat,139.795303,lng,139.79530336.102676,7
茨城5 奥久慈だいご,﻿id: 8005<br>name: 奥久慈だいご<br>lat: 36.7685851<br>lng: 140.3592347,#icon-1899-DB4436-labelson,8005,﻿id,奥久慈だいご,name,36.7685851,lat,140.3592347,lng,140.359234736.7685851,10
茨城6 しもつま,﻿id: 8006<br>name: しもつま<br>lat: 36.2158407<br>lng: 139.9865962,#icon-1899-DB4436-labelson,8006,﻿id,しもつま,name,36.2158407,lat,139.9865962,lng,139.986596236.2158407,7
茨城7 たまつくり,﻿id: 8007<br>name: たまつくり<br>lat: 36.0963942<br>lng: 140.4037633,#icon-1899-DB4436-labelson,8007,﻿id,たまつくり,name,36.0963942,lat,140.4037633,lng,140.403763336.0963942,1
茨城8 いたこ,﻿id: 8008<br>name: いたこ<br>lat: 35.9461322<br>lng: 140.5892448,#icon-1899-DB4436-labelson,8008,﻿id,いたこ,name,35.9461322,lat,140.5892448,lng,140.589244835.9461322,1
茨城9 ごか,﻿id: 8009<br>name: ごか<br>lat: 36.0952767<br>lng: 139.7583317,#icon-1899-DB4436-labelson,8009,﻿id,ごか,name,36.0952767,lat,139.7583317,lng,139.758331736.0952767,7
茨城10 まくらがの里　こが,﻿id: 8010<br>name: まくらがの里　こが<br>lat: 36.191431<br>lng: 139.789732,#icon-1899-DB4436-labelson,8010,﻿id,まくらがの里　こが,name,36.191431,lat,139.789732,lng,139.78973236.191431,7
茨城11 日立おさかなセンター,﻿id: 8011<br>name: 日立おさかなセンター<br>lat: 36.4923537<br>lng: 140.6151942,#icon-1899-DB4436-labelson,8011,﻿id,日立おさかなセンター,name,36.4923537,lat,140.6151942,lng,140.615194236.4923537,10
茨城12 常陸大宮,﻿id: 8012<br>name: 常陸大宮<br>lat: 36.5969609<br>lng: 140.4096155,#icon-1899-DB4436-labelson,8012,﻿id,常陸大宮,name,36.5969609,lat,140.4096155,lng,140.409615536.5969609,10
茨城13 ひたちおおた,﻿id: 8013<br>name: ひたちおおた<br>lat: 36.5103878<br>lng: 140.5254761,#icon-1899-DB4436-labelson,8013,﻿id,ひたちおおた,name,36.5103878,lat,140.5254761,lng,140.525476136.5103878,10
栃木1 もてぎ,﻿id: 9001<br>name: もてぎ<br>lat: 36.5278259<br>lng: 140.1728576,#icon-1899-DB4436-labelson,9001,﻿id,もてぎ,name,36.5278259,lat,140.1728576,lng,140.172857636.5278259,10
栃木2 にのみや,﻿id: 9002<br>name: にのみや<br>lat: 36.3673361<br>lng: 139.964996,#icon-1899-DB4436-labelson,9002,﻿id,にのみや,name,36.3673361,lat,139.964996,lng,139.96499636.3673361,7
栃木3 湯の香しおばら,﻿id: 9003<br>name: 湯の香しおばら<br>lat: 36.9557969<br>lng: 139.8993301,#icon-1899-DB4436-labelson,9003,﻿id,湯の香しおばら,name,36.9557969,lat,139.8993301,lng,139.899330136.9557969,5
栃木4 那須高原友愛の森,﻿id: 9004<br>name: 那須高原友愛の森<br>lat: 37.0415321<br>lng: 140.0137036,#icon-1899-DB4436-labelson,9004,﻿id,那須高原友愛の森,name,37.0415321,lat,140.0137036,lng,140.013703637.0415321,5
栃木5 明治の森・黒磯,﻿id: 9005<br>name: 明治の森・黒磯<br>lat: 37.000375<br>lng: 139.984479,#icon-1899-DB4436-labelson,9005,﻿id,明治の森・黒磯,name,37.000375,lat,139.984479,lng,139.98447937.000375,5
栃木6 ばとう,﻿id: 9006<br>name: ばとう<br>lat: 36.7476018<br>lng: 140.1498715,#icon-1899-DB4436-labelson,9006,﻿id,ばとう,name,36.7476018,lat,140.1498715,lng,140.149871536.7476018,5
栃木7 東山道伊王野,﻿id: 9007<br>name: 東山道伊王野<br>lat: 36.9540486<br>lng: 140.157412,#icon-1899-DB4436-labelson,9007,﻿id,東山道伊王野,name,36.9540486,lat,140.157412,lng,140.15741236.9540486,5
栃木8 きつれがわ,﻿id: 9008<br>name: きつれがわ<br>lat: 36.7154994<br>lng: 140.0326363,#icon-1899-DB4436-labelson,9008,﻿id,きつれがわ,name,36.7154994,lat,140.0326363,lng,140.032636336.7154994,5
栃木9 どまんなか　たぬま,﻿id: 9009<br>name: どまんなか　たぬま<br>lat: 36.3438044<br>lng: 139.5720735,#icon-1899-DB4436-labelson,9009,﻿id,どまんなか　たぬま,name,36.3438044,lat,139.5720735,lng,139.572073536.3438044,7
栃木10 はが,﻿id: 9010<br>name: はが<br>lat: 36.5523813<br>lng: 140.0581962,#icon-1899-DB4436-labelson,9010,﻿id,はが,name,36.5523813,lat,140.0581962,lng,140.058196236.5523813,10
栃木11 那須与一の郷,﻿id: 9011<br>name: 那須与一の郷<br>lat: 36.8630177<br>lng: 140.0873784,#icon-1899-DB4436-labelson,9011,﻿id,那須与一の郷,name,36.8630177,lat,140.0873784,lng,140.087378436.8630177,5
栃木12 那須野が原博物館,﻿id: 9012<br>name: 那須野が原博物館<br>lat: 36.899706<br>lng: 139.969139,#icon-1899-DB4436-labelson,9012,﻿id,那須野が原博物館,name,36.899706,lat,139.969139,lng,139.96913936.899706,5
栃木13 みかも,﻿id: 9013<br>name: みかも<br>lat: 36.296714<br>lng: 139.625248,#icon-1899-DB4436-labelson,9013,﻿id,みかも,name,36.296714,lat,139.625248,lng,139.62524836.296714,7
栃木14 思川,﻿id: 9014<br>name: 思川<br>lat: 36.3081818<br>lng: 139.7607461,#icon-1899-DB4436-labelson,9014,﻿id,思川,name,36.3081818,lat,139.7607461,lng,139.760746136.3081818,7
栃木15 湯西川,﻿id: 9015<br>name: 湯西川<br>lat: 36.930014<br>lng: 139.686957,#icon-1899-DB4436-labelson,9015,﻿id,湯西川,name,36.930014,lat,139.686957,lng,139.68695736.930014,5
栃木16 みぶ,﻿id: 9016<br>name: みぶ<br>lat: 36.4552686<br>lng: 139.8069587,#icon-1899-DB4436-labelson,9016,﻿id,みぶ,name,36.4552686,lat,139.8069587,lng,139.806958736.4552686,7
栃木17 にしかた,﻿id: 9017<br>name: にしかた<br>lat: 36.4666875<br>lng: 139.7431798,#icon-1899-DB4436-labelson,9017,﻿id,にしかた,name,36.4666875,lat,139.7431798,lng,139.743179836.4666875,7
栃木18 しもつけ,﻿id: 9018<br>name: しもつけ<br>lat: 36.3972222<br>lng: 139.8837638,#icon-1899-DB4436-labelson,9018,﻿id,しもつけ,name,36.3972222,lat,139.8837638,lng,139.883763836.3972222,7
栃木19 やいた,﻿id: 9019<br>name: やいた<br>lat: 36.805614<br>lng: 139.9216154,#icon-1899-DB4436-labelson,9019,﻿id,やいた,name,36.805614,lat,139.9216154,lng,139.921615436.805614,5
栃木20 湧水の郷しおや,﻿id: 9020<br>name: 湧水の郷しおや<br>lat: 36.7646574<br>lng: 139.7814069,#icon-1899-DB4436-labelson,9020,﻿id,湧水の郷しおや,name,36.7646574,lat,139.7814069,lng,139.781406936.7646574,5
栃木21 うつのみや　ろまんちっく村,﻿id: 9021<br>name: うつのみや　ろまんちっく村<br>lat: 36.633391<br>lng: 139.8313127,#icon-1899-DB4436-labelson,9021,﻿id,うつのみや　ろまんちっく村,name,36.633391,lat,139.8313127,lng,139.831312736.633391,5
栃木22 サシバの里いちかい,﻿id: 9022<br>name: サシバの里いちかい<br>lat: 36.543766<br>lng: 140.10118,#icon-1899-DB4436-labelson,9022,﻿id,サシバの里いちかい,name,36.543766,lat,140.10118,lng,140.1011836.543766,10
栃木23 日光,﻿id: 9023<br>name: 日光<br>lat: 36.72453076<br>lng: 139.6878876,#icon-1899-DB4436-labelson,9023,﻿id,日光,name,36.72453076,lat,139.6878876,lng,139.687887636.72453076,5
栃木24 ましこ,﻿id: 9024<br>name: ましこ<br>lat: 36.431168<br>lng: 140.071976,#icon-1899-DB4436-labelson,9024,﻿id,ましこ,name,36.431168,lat,140.071976,lng,140.07197636.431168,10
群馬1 上野,﻿id: 10001<br>name: 上野<br>lat: 36.080532<br>lng: 138.784106,#icon-1899-DB4436-labelson,10001,﻿id,上野,name,36.080532,lat,138.784106,lng,138.78410636.080532,4
群馬2 ぐりーんふらわー牧場・大胡,﻿id: 10002<br>name: ぐりーんふらわー牧場・大胡<br>lat: 36.4590603<br>lng: 139.136429,#icon-1899-DB4436-labelson,10002,﻿id,ぐりーんふらわー牧場・大胡,name,36.4590603,lat,139.136429,lng,139.13642936.4590603,2
群馬3 六合,﻿id: 10003<br>name: 六合<br>lat: 36.607483<br>lng: 138.638618,#icon-1899-DB4436-labelson,10003,﻿id,六合,name,36.607483,lat,138.638618,lng,138.63861836.607483,8
群馬4 おのこ,﻿id: 10004<br>name: おのこ<br>lat: 36.5481138<br>lng: 138.9528062,#icon-1899-DB4436-labelson,10004,﻿id,おのこ,name,36.5481138,lat,138.9528062,lng,138.952806236.5481138,2
群馬5 上州おにし,﻿id: 10005<br>name: 上州おにし<br>lat: 36.1430927<br>lng: 139.0403486,#icon-1899-DB4436-labelson,10005,﻿id,上州おにし,name,36.1430927,lat,139.0403486,lng,139.040348636.1430927,4
群馬6 川場田園プラザ,﻿id: 10006<br>name: 川場田園プラザ<br>lat: 36.6870421<br>lng: 139.1073011,#icon-1899-DB4436-labelson,10006,﻿id,川場田園プラザ,name,36.6870421,lat,139.1073011,lng,139.107301136.6870421,2
群馬7 みなかみ水紀行館,﻿id: 10007<br>name: みなかみ水紀行館<br>lat: 36.7645152<br>lng: 138.96767,#icon-1899-DB4436-labelson,10007,﻿id,みなかみ水紀行館,name,36.7645152,lat,138.96767,lng,138.9676736.7645152,2
群馬8 白沢,﻿id: 10008<br>name: 白沢<br>lat: 36.6616976<br>lng: 139.1200313,#icon-1899-DB4436-labelson,10008,﻿id,白沢,name,36.6616976,lat,139.1200313,lng,139.120031336.6616976,2
群馬9 草津運動茶屋公園,﻿id: 10009<br>name: 草津運動茶屋公園<br>lat: 36.614528<br>lng: 138.590048,#icon-1899-DB4436-labelson,10009,﻿id,草津運動茶屋公園,name,36.614528,lat,138.590048,lng,138.59004836.614528,8
群馬10 くろほね・やまびこ,﻿id: 10010<br>name: くろほね・やまびこ<br>lat: 36.491184<br>lng: 139.2719912,#icon-1899-DB4436-labelson,10010,﻿id,くろほね・やまびこ,name,36.491184,lat,139.2719912,lng,139.271991236.491184,2
群馬11 ららん藤岡,﻿id: 10011<br>name: ららん藤岡<br>lat: 36.2721362<br>lng: 139.0716443,#icon-1899-DB4436-labelson,10011,﻿id,ららん藤岡,name,36.2721362,lat,139.0716443,lng,139.071644336.2721362,4
群馬12 こもち,﻿id: 10012<br>name: こもち<br>lat: 36.5151403<br>lng: 139.0163627,#icon-1899-DB4436-labelson,10012,﻿id,こもち,name,36.5151403,lat,139.0163627,lng,139.016362736.5151403,2
群馬13 月夜野矢瀬親水公園,﻿id: 10013<br>name: 月夜野矢瀬親水公園<br>lat: 36.6976003<br>lng: 138.9812566,#icon-1899-DB4436-labelson,10013,﻿id,月夜野矢瀬親水公園,name,36.6976003,lat,138.9812566,lng,138.981256636.6976003,2
群馬14 みょうぎ,﻿id: 10014<br>name: みょうぎ<br>lat: 36.2996438<br>lng: 138.765967,#icon-1899-DB4436-labelson,10014,﻿id,みょうぎ,name,36.2996438,lat,138.765967,lng,138.76596736.2996438,4
群馬15 万葉の里,﻿id: 10015<br>name: 万葉の里<br>lat: 36.1092423<br>lng: 138.8978301,#icon-1899-DB4436-labelson,10015,﻿id,万葉の里,name,36.1092423,lat,138.8978301,lng,138.897830136.1092423,4
群馬16 しもにた,﻿id: 10016<br>name: しもにた<br>lat: 36.2240358<br>lng: 138.8020175,#icon-1899-DB4436-labelson,10016,﻿id,しもにた,name,36.2240358,lat,138.8020175,lng,138.802017536.2240358,4
群馬17 富弘美術館,﻿id: 10017<br>name: 富弘美術館<br>lat: 36.5525594<br>lng: 139.3728487,#icon-1899-DB4436-labelson,10017,﻿id,富弘美術館,name,36.5525594,lat,139.3728487,lng,139.372848736.5525594,2
群馬18 たくみの里,﻿id: 10018<br>name: たくみの里<br>lat: 36.69608<br>lng: 138.9083498,#icon-1899-DB4436-labelson,10018,﻿id,たくみの里,name,36.69608,lat,138.9083498,lng,138.908349836.69608,2
群馬19 霊山たけやま,﻿id: 10019<br>name: 霊山たけやま<br>lat: 36.6089289<br>lng: 138.8297562,#icon-1899-DB4436-labelson,10019,﻿id,霊山たけやま,name,36.6089289,lat,138.8297562,lng,138.829756236.6089289,2
群馬20 よしおか温泉,﻿id: 10020<br>name: よしおか温泉<br>lat: 36.4413405<br>lng: 139.035164,#icon-1899-DB4436-labelson,10020,﻿id,よしおか温泉,name,36.4413405,lat,139.035164,lng,139.03516436.4413405,2
群馬21 赤城の恵,﻿id: 10021<br>name: 赤城の恵<br>lat: 36.4236952<br>lng: 139.1284555,#icon-1899-DB4436-labelson,10021,﻿id,赤城の恵,name,36.4236952,lat,139.1284555,lng,139.128455536.4236952,2
群馬22 甘楽,﻿id: 10022<br>name: 甘楽<br>lat: 36.2337493<br>lng: 138.9166528,#icon-1899-DB4436-labelson,10022,﻿id,甘楽,name,36.2337493,lat,138.9166528,lng,138.916652836.2337493,4
群馬23 あぐりーむ昭和,﻿id: 10023<br>name: あぐりーむ昭和<br>lat: 36.612775<br>lng: 139.0689353,#icon-1899-DB4436-labelson,10023,﻿id,あぐりーむ昭和,name,36.612775,lat,139.0689353,lng,139.068935336.612775,2
群馬24 オアシスなんもく,﻿id: 10024<br>name: オアシスなんもく<br>lat: 36.1782734<br>lng: 138.7417079,#icon-1899-DB4436-labelson,10024,﻿id,オアシスなんもく,name,36.1782734,lat,138.7417079,lng,138.741707936.1782734,4
群馬25 ふじみ,﻿id: 10025<br>name: ふじみ<br>lat: 36.4693828<br>lng: 139.0942386,#icon-1899-DB4436-labelson,10025,﻿id,ふじみ,name,36.4693828,lat,139.0942386,lng,139.094238636.4693828,2
群馬26 おおた,﻿id: 10026<br>name: おおた<br>lat: 36.2646406<br>lng: 139.2964207,#icon-1899-DB4436-labelson,10026,﻿id,おおた,name,36.2646406,lat,139.2964207,lng,139.296420736.2646406,4
群馬27 八ッ場ふるさと館,﻿id: 10027<br>name: 八ッ場ふるさと館<br>lat: 36.5475134<br>lng: 138.6842731,#icon-1899-DB4436-labelson,10027,﻿id,八ッ場ふるさと館,name,36.5475134,lat,138.6842731,lng,138.684273136.5475134,2
群馬28 中山盆地,﻿id: 10028<br>name: 中山盆地<br>lat: 36.6224975<br>lng: 138.9542567,#icon-1899-DB4436-labelson,10028,﻿id,中山盆地,name,36.6224975,lat,138.9542567,lng,138.954256736.6224975,2
群馬29 くらぶち小栗の里,﻿id: 10029<br>name: くらぶち小栗の里<br>lat: 36.4245108<br>lng: 138.7931396,#icon-1899-DB4436-labelson,10029,﻿id,くらぶち小栗の里,name,36.4245108,lat,138.7931396,lng,138.793139636.4245108,2
群馬30 あがつま峡,﻿id: 10030<br>name: あがつま峡<br>lat: 36.57048<br>lng: 138.73569,#icon-1899-DB4436-labelson,10030,﻿id,あがつま峡,name,36.57048,lat,138.73569,lng,138.7356936.57048,2
群馬31 玉村宿,﻿id: 10031<br>name: 玉村宿<br>lat: 36.30833423<br>lng: 139.0945846,#icon-1899-DB4436-labelson,10031,﻿id,玉村宿,name,36.30833423,lat,139.0945846,lng,139.094584636.30833423,4
群馬32 尾瀬かたしな,﻿id: 10032<br>name: 尾瀬かたしな<br>lat: 36.773231<br>lng: 139.225238,#icon-1899-DB4436-labelson,10032,﻿id,尾瀬かたしな,name,36.773231,lat,139.225238,lng,139.22523836.773231,2
埼玉1 あらかわ,﻿id: 11001<br>name: あらかわ<br>lat: 35.9544145<br>lng: 139.0126336,#icon-1899-DB4436-labelson,11001,﻿id,あらかわ,name,35.9544145,lat,139.0126336,lng,139.012633635.9544145,4
埼玉2 おがわまち,﻿id: 11002<br>name: おがわまち<br>lat: 36.0523844<br>lng: 139.2811686,#icon-1899-DB4436-labelson,11002,﻿id,おがわまち,name,36.0523844,lat,139.2811686,lng,139.281168636.0523844,4
埼玉3 川口・あんぎょう,﻿id: 11003<br>name: 川口・あんぎょう<br>lat: 35.848019<br>lng: 139.765769,#icon-1899-DB4436-labelson,11003,﻿id,川口・あんぎょう,name,35.848019,lat,139.765769,lng,139.76576935.848019,7
埼玉4 大滝温泉,﻿id: 11004<br>name: 大滝温泉<br>lat: 35.9503803<br>lng: 138.9381995,#icon-1899-DB4436-labelson,11004,﻿id,大滝温泉,name,35.9503803,lat,138.9381995,lng,138.938199535.9503803,4
埼玉5 おかべ,﻿id: 11005<br>name: おかべ<br>lat: 36.2185243<br>lng: 139.2412797,#icon-1899-DB4436-labelson,11005,﻿id,おかべ,name,36.2185243,lat,139.2412797,lng,139.241279736.2185243,4
埼玉6 龍勢会館,﻿id: 11006<br>name: 龍勢会館<br>lat: 36.0490086<br>lng: 139.0401091,#icon-1899-DB4436-labelson,11006,﻿id,龍勢会館,name,36.0490086,lat,139.0401091,lng,139.040109136.0490086,4
埼玉7 童謡のふる里おおとね,﻿id: 11007<br>name: 童謡のふる里おおとね<br>lat: 36.170307<br>lng: 139.6451589,#icon-1899-DB4436-labelson,11007,﻿id,童謡のふる里おおとね,name,36.170307,lat,139.6451589,lng,139.645158936.170307,7
埼玉8 はなぞの,﻿id: 11008<br>name: はなぞの<br>lat: 36.1218906<br>lng: 139.227294,#icon-1899-DB4436-labelson,11008,﻿id,はなぞの,name,36.1218906,lat,139.227294,lng,139.22729436.1218906,4
埼玉9 両神温泉薬師の湯,﻿id: 11009<br>name: 両神温泉薬師の湯<br>lat: 36.0047724<br>lng: 138.9709644,#icon-1899-DB4436-labelson,11009,﻿id,両神温泉薬師の湯,name,36.0047724,lat,138.9709644,lng,138.970964436.0047724,4
埼玉10 かわもと,﻿id: 11010<br>name: かわもと<br>lat: 36.1515097<br>lng: 139.2890291,#icon-1899-DB4436-labelson,11010,﻿id,かわもと,name,36.1515097,lat,139.2890291,lng,139.289029136.1515097,4
埼玉11 めぬま,﻿id: 11011<br>name: めぬま<br>lat: 36.2145575<br>lng: 139.3693257,#icon-1899-DB4436-labelson,11011,﻿id,めぬま,name,36.2145575,lat,139.3693257,lng,139.369325736.2145575,4
埼玉12 ちちぶ,﻿id: 11012<br>name: ちちぶ<br>lat: 35.9974408<br>lng: 139.0893968,#icon-1899-DB4436-labelson,11012,﻿id,ちちぶ,name,35.9974408,lat,139.0893968,lng,139.089396835.9974408,4
埼玉13 アグリパークゆめすぎと,﻿id: 11013<br>name: アグリパークゆめすぎと<br>lat: 36.0246324<br>lng: 139.7692596,#icon-1899-DB4436-labelson,11013,﻿id,アグリパークゆめすぎと,name,36.0246324,lat,139.7692596,lng,139.769259636.0246324,7
埼玉14 果樹公園あしがくぼ,﻿id: 11014<br>name: 果樹公園あしがくぼ<br>lat: 35.9769074<br>lng: 139.1355565,#icon-1899-DB4436-labelson,11014,﻿id,果樹公園あしがくぼ,name,35.9769074,lat,139.1355565,lng,139.135556535.9769074,4
埼玉15 いちごの里　よしみ,﻿id: 11015<br>name: いちごの里　よしみ<br>lat: 36.0363563<br>lng: 139.4576883,#icon-1899-DB4436-labelson,11015,﻿id,いちごの里　よしみ,name,36.0363563,lat,139.4576883,lng,139.457688336.0363563,7
埼玉16 きたかわべ,﻿id: 11016<br>name: きたかわべ<br>lat: 36.2110887<br>lng: 139.6627834,#icon-1899-DB4436-labelson,11016,﻿id,きたかわべ,name,36.2110887,lat,139.6627834,lng,139.662783436.2110887,7
埼玉17 庄和,﻿id: 11017<br>name: 庄和<br>lat: 35.9967914<br>lng: 139.7947804,#icon-1899-DB4436-labelson,11017,﻿id,庄和,name,35.9967914,lat,139.7947804,lng,139.794780435.9967914,7
埼玉18 はにゅう,﻿id: 11018<br>name: はにゅう<br>lat: 36.1887372<br>lng: 139.5107702,#icon-1899-DB4436-labelson,11018,﻿id,はにゅう,name,36.1887372,lat,139.5107702,lng,139.510770236.1887372,7
埼玉19 みなの,﻿id: 11019<br>name: みなの<br>lat: 36.0769587<br>lng: 139.1096496,#icon-1899-DB4436-labelson,11019,﻿id,みなの,name,36.0769587,lat,139.1096496,lng,139.109649636.0769587,4
埼玉20 和紙の里ひがしちちぶ,﻿id: 11020<br>name: 和紙の里ひがしちちぶ<br>lat: 36.052482<br>lng: 139.203506,#icon-1899-DB4436-labelson,11020,﻿id,和紙の里ひがしちちぶ,name,36.052482,lat,139.203506,lng,139.20350636.052482,4
千葉1 とみうら,﻿id: 12001<br>name: とみうら<br>lat: 35.0376773<br>lng: 139.8371306,#icon-1899-DB4436-labelson,12001,﻿id,とみうら,name,35.0376773,lat,139.8371306,lng,139.837130635.0376773,6
千葉2 三芳村,﻿id: 12002<br>name: 三芳村<br>lat: 35.0341006<br>lng: 139.8948453,#icon-1899-DB4436-labelson,12002,﻿id,三芳村,name,35.0341006,lat,139.8948453,lng,139.894845335.0341006,6
千葉3 やちよ,﻿id: 12003<br>name: やちよ<br>lat: 35.7584154<br>lng: 140.1067486,#icon-1899-DB4436-labelson,12003,﻿id,やちよ,name,35.7584154,lat,140.1067486,lng,140.106748635.7584154,1
千葉4 きょなん,﻿id: 12004<br>name: きょなん<br>lat: 35.1279707<br>lng: 139.8371002,#icon-1899-DB4436-labelson,12004,﻿id,きょなん,name,35.1279707,lat,139.8371002,lng,139.837100235.1279707,6
千葉5 鴨川オーシャンパーク,﻿id: 12005<br>name: 鴨川オーシャンパーク<br>lat: 35.0638015<br>lng: 140.0770891,#icon-1899-DB4436-labelson,12005,﻿id,鴨川オーシャンパーク,name,35.0638015,lat,140.0770891,lng,140.077089135.0638015,6
千葉6 ローズマリー公園,﻿id: 12006<br>name: ローズマリー公園<br>lat: 35.0087388<br>lng: 139.9752655,#icon-1899-DB4436-labelson,12006,﻿id,ローズマリー公園,name,35.0087388,lat,139.9752655,lng,139.975265535.0087388,6
千葉7 ふれあいパーク・きみつ,﻿id: 12007<br>name: ふれあいパーク・きみつ<br>lat: 35.198557<br>lng: 140.069545,#icon-1899-DB4436-labelson,12007,﻿id,ふれあいパーク・きみつ,name,35.198557,lat,140.069545,lng,140.06954535.198557,6
千葉8 しょうなん,﻿id: 12008<br>name: しょうなん<br>lat: 35.8577705<br>lng: 140.0232539,#icon-1899-DB4436-labelson,12008,﻿id,しょうなん,name,35.8577705,lat,140.0232539,lng,140.023253935.8577705,1
千葉9 たけゆらの里おおたき,﻿id: 12009<br>name: たけゆらの里おおたき<br>lat: 35.254825<br>lng: 140.258616,#icon-1899-DB4436-labelson,12009,﻿id,たけゆらの里おおたき,name,35.254825,lat,140.258616,lng,140.25861635.254825,6
千葉10 多古,﻿id: 12010<br>name: 多古<br>lat: 35.7312831<br>lng: 140.4752846,#icon-1899-DB4436-labelson,12010,﻿id,多古,name,35.7312831,lat,140.4752846,lng,140.475284635.7312831,1
千葉11 あずの里いちはら,﻿id: 12011<br>name: あずの里いちはら<br>lat: 35.4638588<br>lng: 140.109646,#icon-1899-DB4436-labelson,12011,﻿id,あずの里いちはら,name,35.4638588,lat,140.109646,lng,140.10964635.4638588,6
千葉12 くりもと,﻿id: 12012<br>name: くりもと<br>lat: 35.805852<br>lng: 140.4699424,#icon-1899-DB4436-labelson,12012,﻿id,くりもと,name,35.805852,lat,140.4699424,lng,140.469942435.805852,1
千葉13 ちくら・潮風王国,﻿id: 12013<br>name: ちくら・潮風王国<br>lat: 34.9299008<br>lng: 139.9520926,#icon-1899-DB4436-labelson,12013,﻿id,ちくら・潮風王国,name,34.9299008,lat,139.9520926,lng,139.952092634.9299008,6
千葉14 富楽里とみやま,﻿id: 12014<br>name: 富楽里とみやま<br>lat: 35.1005082<br>lng: 139.8556137,#icon-1899-DB4436-labelson,12014,﻿id,富楽里とみやま,name,35.1005082,lat,139.8556137,lng,139.855613735.1005082,6
千葉15 おおつの里,﻿id: 12015<br>name: おおつの里<br>lat: 35.0577165<br>lng: 139.8603645,#icon-1899-DB4436-labelson,12015,﻿id,おおつの里,name,35.0577165,lat,139.8603645,lng,139.860364535.0577165,6
千葉16 オライはすぬま,﻿id: 12016<br>name: オライはすぬま<br>lat: 35.6017957<br>lng: 140.5015935,#icon-1899-DB4436-labelson,12016,﻿id,オライはすぬま,name,35.6017957,lat,140.5015935,lng,140.501593535.6017957,1
千葉17 ながら,﻿id: 12017<br>name: ながら<br>lat: 35.4573078<br>lng: 140.2066599,#icon-1899-DB4436-labelson,12017,﻿id,ながら,name,35.4573078,lat,140.2066599,lng,140.206659935.4573078,1
千葉18 つどいの郷むつざわ,﻿id: 12018<br>name: つどいの郷むつざわ<br>lat: 35.352183<br>lng: 140.3036799,#icon-1899-DB4436-labelson,12018,﻿id,つどいの郷むつざわ,name,35.352183,lat,140.3036799,lng,140.303679935.352183,6
千葉19 白浜野島崎,﻿id: 12019<br>name: 白浜野島崎<br>lat: 34.9062489<br>lng: 139.8773874,#icon-1899-DB4436-labelson,12019,﻿id,白浜野島崎,name,34.9062489,lat,139.8773874,lng,139.877387434.9062489,6
千葉20 南房パラダイス,﻿id: 12020<br>name: 南房パラダイス<br>lat: 34.9398785<br>lng: 139.8216178,#icon-1899-DB4436-labelson,12020,﻿id,南房パラダイス,name,34.9398785,lat,139.8216178,lng,139.821617834.9398785,6
千葉21 水の郷さわら,﻿id: 12021<br>name: 水の郷さわら<br>lat: 35.896313<br>lng: 140.505908,#icon-1899-DB4436-labelson,12021,﻿id,水の郷さわら,name,35.896313,lat,140.505908,lng,140.50590835.896313,1
千葉22 風和里しばやま,﻿id: 12022<br>name: 風和里しばやま<br>lat: 35.6950636<br>lng: 140.4100301,#icon-1899-DB4436-labelson,12022,﻿id,風和里しばやま,name,35.6950636,lat,140.4100301,lng,140.410030135.6950636,1
千葉23 和田浦　WA・O！,﻿id: 12023<br>name: 和田浦　WA・O！<br>lat: 35.042582<br>lng: 140.02057,#icon-1899-DB4436-labelson,12023,﻿id,和田浦　WA・O！,name,35.042582,lat,140.02057,lng,140.0205735.042582,6
千葉24 発酵の里こうざき,﻿id: 12024<br>name: 発酵の里こうざき<br>lat: 35.90023<br>lng: 140.3797,#icon-1899-DB4436-labelson,12024,﻿id,発酵の里こうざき,name,35.90023,lat,140.3797,lng,140.379735.90023,1
千葉25 季楽里あさひ,﻿id: 12025<br>name: 季楽里あさひ<br>lat: 35.71785572<br>lng: 140.675557,#icon-1899-DB4436-labelson,12025,﻿id,季楽里あさひ,name,35.71785572,lat,140.675557,lng,140.67555735.71785572,1
千葉26 保田小学校,﻿id: 12026<br>name: 保田小学校<br>lat: 35.1430213<br>lng: 139.8439449,#icon-1899-DB4436-labelson,12026,﻿id,保田小学校,name,35.1430213,lat,139.8439449,lng,139.843944935.1430213,6
千葉27 みのりの郷東金,﻿id: 12027<br>name: みのりの郷東金<br>lat: 35.5772141<br>lng: 140.3836754,#icon-1899-DB4436-labelson,12027,﻿id,みのりの郷東金,name,35.5772141,lat,140.3836754,lng,140.383675435.5772141,1
千葉28 木更津うまくたの里（平成29年度オープン予定）,﻿id: 12028<br>name: 木更津うまくたの里（平成29年度オープン予定）<br>lat: 35.359948<br>lng: 140.052479,#icon-1899-DB4436-labelson,12028,﻿id,木更津うまくたの里（平成29年度オープン予定）,name,35.359948,lat,140.052479,lng,140.05247935.359948,6
千葉29 いちかわ,﻿id: 12029<br>name: いちかわ<br>lat: 35.7488419<br>lng: 139.9194133,#icon-1899-DB4436-labelson,12029,﻿id,いちかわ,name,35.7488419,lat,139.9194133,lng,139.919413335.7488419,1
東京1 八王子滝山,﻿id: 13001<br>name: 八王子滝山<br>lat: 35.6866238<br>lng: 139.3414749,#icon-1899-DB4436-labelson,13001,﻿id,八王子滝山,name,35.6866238,lat,139.3414749,lng,139.341474935.6866238,9
神奈川1 箱根峠,﻿id: 14001<br>name: 箱根峠<br>lat: 35.1867643<br>lng: 139.0156098,#icon-1899-DB4436-labelson,14001,﻿id,箱根峠,name,35.1867643,lat,139.0156098,lng,139.015609835.1867643,9
神奈川2 山北,﻿id: 14002<br>name: 山北<br>lat: 35.3798757<br>lng: 139.0314839,#icon-1899-DB4436-labelson,14002,﻿id,山北,name,35.3798757,lat,139.0314839,lng,139.031483935.3798757,9
神奈川3 清川,﻿id: 14003<br>name: 清川<br>lat: 35.4825222<br>lng: 139.2771732,#icon-1899-DB4436-labelson,14003,﻿id,清川,name,35.4825222,lat,139.2771732,lng,139.277173235.4825222,9
山梨1 とみざわ,﻿id: 19001<br>name: とみざわ<br>lat: 35.2417855<br>lng: 138.4850509,#icon-1899-DB4436-labelson,19001,﻿id,とみざわ,name,35.2417855,lat,138.4850509,lng,138.485050935.2417855,3
山梨2 甲斐大和,﻿id: 19002<br>name: 甲斐大和<br>lat: 35.6359342<br>lng: 138.7927141,#icon-1899-DB4436-labelson,19002,﻿id,甲斐大和,name,35.6359342,lat,138.7927141,lng,138.792714135.6359342,9
山梨3 なるさわ,﻿id: 19003<br>name: なるさわ<br>lat: 35.480152<br>lng: 138.698504,#icon-1899-DB4436-labelson,19003,﻿id,なるさわ,name,35.480152,lat,138.698504,lng,138.69850435.480152,9
山梨4 みとみ,﻿id: 19004<br>name: みとみ<br>lat: 35.8625522<br>lng: 138.7552499,#icon-1899-DB4436-labelson,19004,﻿id,みとみ,name,35.8625522,lat,138.7552499,lng,138.755249935.8625522,3
山梨5 しもべ,﻿id: 19005<br>name: しもべ<br>lat: 35.469985<br>lng: 138.512894,#icon-1899-DB4436-labelson,19005,﻿id,しもべ,name,35.469985,lat,138.512894,lng,138.51289435.469985,3
山梨6 とよとみ,﻿id: 19006<br>name: とよとみ<br>lat: 35.5849397<br>lng: 138.5452121,#icon-1899-DB4436-labelson,19006,﻿id,とよとみ,name,35.5849397,lat,138.5452121,lng,138.545212135.5849397,3
山梨7 にらさき,﻿id: 19007<br>name: にらさき<br>lat: 35.7484117<br>lng: 138.4385896,#icon-1899-DB4436-labelson,19007,﻿id,にらさき,name,35.7484117,lat,138.4385896,lng,138.438589635.7484117,3
山梨8 どうし,﻿id: 19008<br>name: どうし<br>lat: 35.503387<br>lng: 138.989848,#icon-1899-DB4436-labelson,19008,﻿id,どうし,name,35.503387,lat,138.989848,lng,138.98984835.503387,9
山梨9 かつやま,﻿id: 19009<br>name: かつやま<br>lat: 35.5043462<br>lng: 138.7343049,#icon-1899-DB4436-labelson,19009,﻿id,かつやま,name,35.5043462,lat,138.7343049,lng,138.734304935.5043462,9
山梨10 花かげの郷まきおか,﻿id: 19010<br>name: 花かげの郷まきおか<br>lat: 35.7544617<br>lng: 138.7183679,#icon-1899-DB4436-labelson,19010,﻿id,花かげの郷まきおか,name,35.7544617,lat,138.7183679,lng,138.718367935.7544617,3
山梨11 はくしゅう,﻿id: 19011<br>name: はくしゅう<br>lat: 35.8103246<br>lng: 138.3306551,#icon-1899-DB4436-labelson,19011,﻿id,はくしゅう,name,35.8103246,lat,138.3306551,lng,138.330655135.8103246,3
山梨12 富士吉田,﻿id: 19012<br>name: 富士吉田<br>lat: 35.4591861<br>lng: 138.8019802,#icon-1899-DB4436-labelson,19012,﻿id,富士吉田,name,35.4591861,lat,138.8019802,lng,138.801980235.4591861,9
山梨13 南きよさと,﻿id: 19013<br>name: 南きよさと<br>lat: 35.8657383<br>lng: 138.4277858,#icon-1899-DB4436-labelson,19013,﻿id,南きよさと,name,35.8657383,lat,138.4277858,lng,138.427785835.8657383,3
山梨14 しらね,﻿id: 19014<br>name: しらね<br>lat: 35.6380315<br>lng: 138.471159,#icon-1899-DB4436-labelson,19014,﻿id,しらね,name,35.6380315,lat,138.471159,lng,138.47115935.6380315,3
山梨15 こぶちさわ,﻿id: 19015<br>name: こぶちさわ<br>lat: 35.8789005<br>lng: 138.3167144,#icon-1899-DB4436-labelson,19015,﻿id,こぶちさわ,name,35.8789005,lat,138.3167144,lng,138.316714435.8789005,3
山梨16 みのぶ・富士川観光センター,﻿id: 19016<br>name: みのぶ・富士川観光センター<br>lat: 35.418592<br>lng: 138.437249,#icon-1899-DB4436-labelson,19016,﻿id,みのぶ・富士川観光センター,name,35.418592,lat,138.437249,lng,138.43724935.418592,3
山梨17 たばやま,﻿id: 19017<br>name: たばやま<br>lat: 35.78926<br>lng: 138.923819,#icon-1899-DB4436-labelson,19017,﻿id,たばやま,name,35.78926,lat,138.923819,lng,138.92381935.78926,9
山梨18 富士川,﻿id: 19018<br>name: 富士川<br>lat: 35.557015<br>lng: 138.472064,#icon-1899-DB4436-labelson,19018,﻿id,富士川,name,35.557015,lat,138.472064,lng,138.47206435.557015,3
山梨19 こすげ,﻿id: 19019<br>name: こすげ<br>lat: 35.75396<br>lng: 138.949946,#icon-1899-DB4436-labelson,19019,﻿id,こすげ,name,35.75396,lat,138.949946,lng,138.94994635.75396,9
山梨20 つる,﻿id: 19020<br>name: つる<br>lat: 35.582917<br>lng: 138.931227,#icon-1899-DB4436-labelson,19020,﻿id,つる,name,35.582917,lat,138.931227,lng,138.93122735.582917,9
山梨21 なんぶ,﻿id: 19021<br>name: なんぶ<br>lat: 35.306755<br>lng: 138.446941,#icon-1899-DB4436-labelson,19021,﻿id,なんぶ,name,35.306755,lat,138.446941,lng,138.44694135.306755,3
長野北部1 信州新町,﻿id: 20<br>name: 信州新町<br>lat: 36.585417<br>lng: 138.052742,#icon-1899-DB4436-labelson,20,﻿id,信州新町,name,36.585417,lat,138.052742,lng,138.05274236.585417,0
長野北部2 長野市大岡特産センター,﻿id: 388<br>name: 長野市大岡特産センター<br>lat: 36.5263933<br>lng: 137.9581356,#icon-1899-DB4436-labelson,388,﻿id,長野市大岡特産センター,name,36.5263933,lat,137.9581356,lng,137.958135636.5263933,0
長野北部3 信越さかえ,﻿id: 389<br>name: 信越さかえ<br>lat: 36.9884835<br>lng: 138.5816798,#icon-1899-DB4436-labelson,389,﻿id,信越さかえ,name,36.9884835,lat,138.5816798,lng,138.581679836.9884835,8
長野北部4 小坂田公園,﻿id: 390<br>name: 小坂田公園<br>lat: 36.1063466<br>lng: 137.9881908,#icon-1899-DB4436-labelson,390,﻿id,小坂田公園,name,36.1063466,lat,137.9881908,lng,137.988190836.1063466,0
長野北部5 池田,﻿id: 391<br>name: 池田<br>lat: 36.3970744<br>lng: 137.8846375,#icon-1899-DB4436-labelson,391,﻿id,池田,name,36.3970744,lat,137.8846375,lng,137.884637536.3970744,0
長野北部6 中条,﻿id: 392<br>name: 中条<br>lat: 36.6037997<br>lng: 138.0161699,#icon-1899-DB4436-labelson,392,﻿id,中条,name,36.6037997,lat,138.0161699,lng,138.016169936.6037997,0
長野北部7 みまき,﻿id: 393<br>name: みまき<br>lat: 36.3347839<br>lng: 138.3595655,#icon-1899-DB4436-labelson,393,﻿id,みまき,name,36.3347839,lat,138.3595655,lng,138.359565536.3347839,11
長野北部8 白馬,﻿id: 394<br>name: 白馬<br>lat: 36.65359<br>lng: 137.8473274,#icon-1899-DB4436-labelson,394,﻿id,白馬,name,36.65359,lat,137.8473274,lng,137.847327436.65359,0
長野北部9 ふるさと豊田,﻿id: 395<br>name: ふるさと豊田<br>lat: 36.8005161<br>lng: 138.322324,#icon-1899-DB4436-labelson,395,﻿id,ふるさと豊田,name,36.8005161,lat,138.322324,lng,138.32232436.8005161,8
長野北部10 マルメロの駅ながと,﻿id: 396<br>name: マルメロの駅ながと<br>lat: 36.2729409<br>lng: 138.2575884,#icon-1899-DB4436-labelson,396,﻿id,マルメロの駅ながと,name,36.2729409,lat,138.2575884,lng,138.257588436.2729409,11
長野北部11 ほっとぱ～く・浅科,﻿id: 397<br>name: ほっとぱ～く・浅科<br>lat: 36.2575102<br>lng: 138.4043068,#icon-1899-DB4436-labelson,397,﻿id,ほっとぱ～く・浅科,name,36.2575102,lat,138.4043068,lng,138.404306836.2575102,11
長野北部12 アルプス安曇野　ほりがねの里,﻿id: 398<br>name: アルプス安曇野　ほりがねの里<br>lat: 36.2934956<br>lng: 137.87772,#icon-1899-DB4436-labelson,398,﻿id,アルプス安曇野　ほりがねの里,name,36.2934956,lat,137.87772,lng,137.8777236.2934956,0
長野北部13 安曇野松川,﻿id: 399<br>name: 安曇野松川<br>lat: 36.396278<br>lng: 137.867643,#icon-1899-DB4436-labelson,399,﻿id,安曇野松川,name,36.396278,lat,137.867643,lng,137.86764336.396278,0
長野北部14 風穴の里,﻿id: 400<br>name: 風穴の里<br>lat: 36.1533265<br>lng: 137.7520972,#icon-1899-DB4436-labelson,400,﻿id,風穴の里,name,36.1533265,lat,137.7520972,lng,137.752097236.1533265,0
長野北部15 北信州やまのうち,﻿id: 401<br>name: 北信州やまのうち<br>lat: 36.7413505<br>lng: 138.4046221,#icon-1899-DB4436-labelson,401,﻿id,北信州やまのうち,name,36.7413505,lat,138.4046221,lng,138.404622136.7413505,8
長野北部16 上田　道と川の駅,﻿id: 402<br>name: 上田　道と川の駅<br>lat: 36.407122<br>lng: 138.205586,#icon-1899-DB4436-labelson,402,﻿id,上田　道と川の駅,name,36.407122,lat,138.205586,lng,138.20558636.407122,11
長野北部17 信州蔦木宿,﻿id: 403<br>name: 信州蔦木宿<br>lat: 35.8632686<br>lng: 138.2769108,#icon-1899-DB4436-labelson,403,﻿id,信州蔦木宿,name,35.8632686,lat,138.2769108,lng,138.276910835.8632686,3
長野北部18 しなの,﻿id: 404<br>name: しなの<br>lat: 36.8182909<br>lng: 138.1901619,#icon-1899-DB4436-labelson,404,﻿id,しなの,name,36.8182909,lat,138.1901619,lng,138.190161936.8182909,8
長野北部19 小谷,﻿id: 405<br>name: 小谷<br>lat: 36.8452608<br>lng: 137.9004404,#icon-1899-DB4436-labelson,405,﻿id,小谷,name,36.8452608,lat,137.9004404,lng,137.900440436.8452608,0
長野北部20 さかきた,﻿id: 406<br>name: さかきた<br>lat: 36.4263776<br>lng: 138.0121237,#icon-1899-DB4436-labelson,406,﻿id,さかきた,name,36.4263776,lat,138.0121237,lng,138.012123736.4263776,0
長野北部21 ぽかぽかランド美麻,﻿id: 407<br>name: ぽかぽかランド美麻<br>lat: 36.6053378<br>lng: 137.895563,#icon-1899-DB4436-labelson,407,﻿id,ぽかぽかランド美麻,name,36.6053378,lat,137.895563,lng,137.89556336.6053378,0
長野北部22 オアシスおぶせ,﻿id: 408<br>name: オアシスおぶせ<br>lat: 36.689123<br>lng: 138.2948649,#icon-1899-DB4436-labelson,408,﻿id,オアシスおぶせ,name,36.689123,lat,138.2948649,lng,138.294864936.689123,8
長野北部23 雷電くるみの里,﻿id: 409<br>name: 雷電くるみの里<br>lat: 36.3557148<br>lng: 138.3738973,#icon-1899-DB4436-labelson,409,﻿id,雷電くるみの里,name,36.3557148,lat,138.3738973,lng,138.373897336.3557148,11
長野北部24 花の駅　千曲川,﻿id: 410<br>name: 花の駅　千曲川<br>lat: 36.8815106<br>lng: 138.3877614,#icon-1899-DB4436-labelson,410,﻿id,花の駅　千曲川,name,36.8815106,lat,138.3877614,lng,138.387761436.8815106,8
長野北部25 あおき,﻿id: 411<br>name: あおき<br>lat: 36.372865<br>lng: 138.140884,#icon-1899-DB4436-labelson,411,﻿id,あおき,name,36.372865,lat,138.140884,lng,138.14088436.372865,11
長野北部26 おがわ,﻿id: 412<br>name: おがわ<br>lat: 36.6132998<br>lng: 137.9905563,#icon-1899-DB4436-labelson,412,﻿id,おがわ,name,36.6132998,lat,137.9905563,lng,137.990556336.6132998,0
長野北部27 美ヶ原高原,﻿id: 413<br>name: 美ヶ原高原<br>lat: 36.2306352<br>lng: 138.1403249,#icon-1899-DB4436-labelson,413,﻿id,美ヶ原高原,name,36.2306352,lat,138.1403249,lng,138.140324936.2306352,11
長野北部28 今井　恵みの里,﻿id: 414<br>name: 今井　恵みの里<br>lat: 36.148281<br>lng: 137.9027543,#icon-1899-DB4436-labelson,414,﻿id,今井　恵みの里,name,36.148281,lat,137.9027543,lng,137.902754336.148281,0
長野北部29 FARMUS 木島平,﻿id: 7993<br>name: FARMUS 木島平<br>lat: 36.8521479<br>lng: 138.388223,#icon-1899-DB4436-labelson,7993,﻿id,FARMUS 木島平,name,36.8521479,lat,138.388223,lng,138.38822336.8521479,8
長野北部30 ヘルシーテラス佐久南,﻿id: 14138<br>name: ヘルシーテラス佐久南<br>lat: 36.236692<br>lng: 138.440822,#icon-1899-DB4436-labelson,14138,﻿id,ヘルシーテラス佐久南,name,36.236692,lat,138.440822,lng,138.44082236.236692,11
長野北部31 女神の里 たてしな,﻿id: 14175<br>name: 女神の里 たてしな<br>lat: 36.276288<br>lng: 138.331675,#icon-1899-DB4436-labelson,14175,﻿id,女神の里 たてしな,name,36.276288,lat,138.331675,lng,138.33167536.276288,11
長野北部32 いくさかの郷（平成30年オープン予定）,﻿id: 14192<br>name: いくさかの郷<br>lat: 36.424401<br>lng: 137.931402,#icon-1899-DB4436-labelson,14192,﻿id,いくさかの郷,name,36.424401,lat,137.931402,lng,137.93140236.424401,0